customer_id,name,email,country,region
C00000,Peter Stephenson,thomastaylor@example.com,Mauritius,Vermont
C00001,Patricia Jordan,valencialindsey@example.org,India,Oklahoma
C00002,Mr. Timothy Kelley,ksalazar@example.org,Brazil,Connecticut
C00003,Aaron Hall,michaelrodriguez@example.net,Bahrain,Iowa
C00004,Jennifer Bowen,llee@example.net,Slovakia (Slovak Republic),Alabama
C00005,Jessica Diaz,jacobsalan@example.net,Luxembourg,Utah
C00006,Carla Jones,hgray@example.org,Finland,Florida
C00007,Daisy Marshall,jamesheath@example.org,Paraguay,Ohio
C00008,Nicole Vazquez,starkanthony@example.org,Gambia,Ohio
C00009,Jeremy Gross,joseph20@example.com,Palau,Kansas
C00010,Christian Ortiz,kimberlymccormick@example.com,Faroe Islands,Georgia
C00011,Alan Harvey,jcabrera@example.org,Guinea,Hawaii
C00012,Katrina Wood,william10@example.com,Guyana,Maine
C00013,Alison Dean,rwashington@example.org,Palau,Oregon
C00014,Ronald Sullivan,hcarlson@example.net,Argentina,Kansas
C00015,Edward Lane,kaitlin36@example.net,Holy See (Vatican City State),Utah
C00016,Kelly Russell,doylesherry@example.org,Netherlands,Hawaii
C00017,Zachary Hale,medinaaaron@example.com,United Kingdom,North Dakota
C00018,Samantha Prince,gcruz@example.org,Reunion,South Carolina
C00019,Elizabeth Marquez,michelle53@example.com,Canada,Nebraska
C00020,Matthew Donovan,howarddenise@example.net,Zimbabwe,Colorado
C00021,David Washington,estradastanley@example.com,Tokelau,Texas
C00022,Brandon Galloway,keith92@example.org,Venezuela,Hawaii
C00023,Debra Adams MD,lewisleslie@example.com,United States Virgin Islands,West Virginia
C00024,Rodney Cantrell,solismichelle@example.com,Comoros,Oregon
C00025,Matthew Smith,aguzman@example.org,Guinea-Bissau,California
C00026,Sandra Weaver,newtonkatie@example.net,Oman,Maryland
C00027,Robert Torres,michaelevans@example.org,Palau,Kentucky
C00028,Melissa Friedman,thompsonandrew@example.com,Tanzania,Connecticut
C00029,John Tucker,masonkevin@example.org,Saint Helena,Washington
C00030,Jamie Butler,millerdonald@example.org,Niue,Maryland
C00031,Brian Murphy,justinowens@example.com,Canada,Connecticut
C00032,Heidi Galvan,arnolddavid@example.com,Faroe Islands,Rhode Island
C00033,Kristen Walker,wlee@example.org,Syrian Arab Republic,Indiana
C00034,James Spence,antonio02@example.com,Moldova,West Virginia
C00035,Benjamin Reyes,zcortez@example.com,Cook Islands,Alaska
C00036,Sherry Sullivan,gutierrezjohn@example.net,Seychelles,Florida
C00037,Tonya Cunningham,kmcfarland@example.com,Antarctica (the territory South of 60 deg S),Illinois
C00038,Michael Barajas,kaitlyn41@example.net,Nicaragua,Alaska
C00039,Laura Peters,mccartypaula@example.net,South Georgia and the South Sandwich Islands,Washington
C00040,Jose Aguirre,yfloyd@example.net,Lesotho,Wyoming
C00041,Gina Sawyer,john74@example.com,Moldova,Hawaii
C00042,Rachael Patrick,victor43@example.org,Isle of Man,Minnesota
C00043,David Arroyo,laurie45@example.com,Cocos (Keeling) Islands,North Dakota
C00044,Luis Clark,madison55@example.com,Azerbaijan,Indiana
C00045,Danielle Li,ryanryan@example.com,United States of America,Mississippi
C00046,Michelle Collins,heatherbauer@example.org,Tokelau,Delaware
C00047,Edward Farmer,fisherholly@example.net,Thailand,Connecticut
C00048,Melissa Perez,qshelton@example.com,French Polynesia,Colorado
C00049,Natasha Prince,vdonaldson@example.com,Sri Lanka,Wyoming
C00050,Ms. Amy Joseph,georgemeyer@example.com,Isle of Man,Tennessee
C00051,Grace Sparks,anorman@example.net,Jersey,Massachusetts
C00052,Michael Griffin,aescobar@example.net,India,North Dakota
C00053,Jack Huffman,jfox@example.org,Portugal,Hawaii
C00054,Joseph Martin,velazquezjohn@example.net,El Salvador,California
C00055,Reginald Marsh,fking@example.com,Korea,Florida
C00056,John Howard,christina30@example.com,San Marino,New Hampshire
C00057,Ashley Cole,catherineboone@example.com,Belize,Indiana
C00058,Andrew Mitchell,mauricebraun@example.org,Barbados,Louisiana
C00059,Jill Thomas,heidijoseph@example.com,Bahrain,Minnesota
C00060,Brittany Stewart,pearsonnorman@example.net,Monaco,Wisconsin
C00061,Kimberly Cole,hwilliams@example.net,Grenada,Washington
C00062,Joshua Baxter,jeremy00@example.org,Uzbekistan,Wyoming
C00063,Mark Smith,allisonlee@example.net,South Africa,South Carolina
C00064,Trevor Jackson,reneehill@example.org,Cote d'Ivoire,Alaska
C00065,Courtney Perez,sandrakerr@example.org,Lesotho,Nevada
C00066,Daniel Burns,sthompson@example.com,Tokelau,Alabama
C00067,Joyce Davenport,kristinsmith@example.com,Bangladesh,Illinois
C00068,John Sherman,eboyd@example.org,Norfolk Island,Washington
C00069,Emily Edwards,janeponce@example.org,Bangladesh,Hawaii
C00070,David Price,katiesoto@example.org,Comoros,Wisconsin
C00071,Samuel Todd,nvalencia@example.net,Pitcairn Islands,Minnesota
C00072,Michael Guerrero,catherine66@example.net,Malaysia,Connecticut
C00073,Kayla Brown,allison94@example.com,Estonia,Washington
C00074,Eric Williams,bryanstafford@example.com,Sierra Leone,Arkansas
C00075,Mr. Jason Cantu,yjohnson@example.net,Israel,New York
C00076,Nicholas Marks,jesus09@example.com,Cyprus,Florida
C00077,Wanda Kelley,mark35@example.org,Guam,West Virginia
C00078,Misty Arias,ndyer@example.org,Marshall Islands,North Carolina
C00079,Colton Jenkins,kelly25@example.org,Mayotte,Pennsylvania
C00080,Mr. Michael Nunez DVM,donaldrodriguez@example.org,Guam,Idaho
C00081,Nicholas Herrera,carrthomas@example.net,Kenya,Illinois
C00082,Jessica Clark,ctorres@example.net,Paraguay,Washington
C00083,Wendy Murphy,oconnordesiree@example.net,Serbia,Florida
C00084,Jack Hall,haleythomas@example.net,Guinea-Bissau,Nevada
C00085,Erin Greer,bennetttammy@example.org,Samoa,Minnesota
C00086,Kenneth Houston,jennifermays@example.net,Bhutan,Idaho
C00087,Tiffany Williams,tinakelly@example.org,Guam,Massachusetts
C00088,Andrew Smith,sellerskeith@example.org,Greenland,Maine
C00089,Joshua Patrick,michellejackson@example.net,Martinique,Minnesota
C00090,Jeffrey Pittman,angela01@example.net,Mauritania,Mississippi
C00091,Dennis Payne,tammy89@example.org,Guyana,Rhode Island
C00092,Jacob Fields,kelleycarrie@example.com,Mexico,Colorado
C00093,Omar Lang,loretta31@example.net,Macao,New York
C00094,Tammy Barajas,nataliebutler@example.net,Ireland,Colorado
C00095,Tammy Moran,danielscharles@example.org,Ghana,Colorado
C00096,Julie Walters,kristahobbs@example.org,Christmas Island,Minnesota
C00097,Joshua Villanueva,kimberly66@example.net,Norway,Kentucky
C00098,Amanda Doyle,michelle85@example.com,Guinea,Florida
C00099,James Murray,kylesanders@example.org,Montserrat,Arkansas
C00100,Alicia Fuller,rhodesemily@example.net,Mali,New York
C00101,William Nicholson,susanbrewer@example.net,Andorra,Arizona
C00102,Terry Lewis,masseypatricia@example.org,Bouvet Island (Bouvetoya),Idaho
C00103,Christopher Barr,david62@example.com,Estonia,Pennsylvania
C00104,Daniel Collins,christopher00@example.org,Sao Tome and Principe,Minnesota
C00105,Maria Sanchez,danabauer@example.com,Timor-Leste,Indiana
C00106,Brenda Berger,melissanelson@example.net,Saint Martin,Utah
C00107,Rachel White,allisonwright@example.com,American Samoa,Maine
C00108,Drew Mooney,fbrown@example.net,Yemen,Wyoming
C00109,Kristopher Petersen,tara30@example.org,Guam,Massachusetts
C00110,Susan Miller,rwolf@example.org,Comoros,Kansas
C00111,Jack Short,bduke@example.org,Hungary,Rhode Island
C00112,Jeremy Logan,bbrown@example.org,India,Montana
C00113,Justin Andrews,julia27@example.com,Turks and Caicos Islands,West Virginia
C00114,Joseph Jackson,danielskaren@example.net,Cape Verde,Vermont
C00115,Stephanie Wilson,vknapp@example.com,Moldova,Louisiana
C00116,Seth Mccarthy,abowman@example.com,Saint Barthelemy,Maine
C00117,Laura Harvey,uhooper@example.com,Ethiopia,Nebraska
C00118,Megan French MD,jenniferponce@example.com,Western Sahara,Nevada
C00119,Wayne Mitchell,joshuawilson@example.com,Saint Vincent and the Grenadines,Maine
C00120,David Moore,glassstephanie@example.org,Faroe Islands,Tennessee
C00121,Tony Merritt,teresapeterson@example.net,Solomon Islands,New Jersey
C00122,Michael Mora,singletonjason@example.org,Nigeria,Washington
C00123,Christopher Juarez,allenphillip@example.net,North Macedonia,Alabama
C00124,Julie Dudley,kevingonzalez@example.org,American Samoa,Delaware
C00125,Mark Sullivan,gboyd@example.net,Rwanda,Massachusetts
C00126,Michael Tucker,sylviafleming@example.com,Saudi Arabia,Michigan
C00127,Juan Rogers,amy88@example.org,United Kingdom,New Jersey
C00128,Robert Alvarez,tanneraguilar@example.org,Korea,Hawaii
C00129,Anna Stevenson,carmensanchez@example.net,Tuvalu,Alabama
C00130,Patricia Davis,tamarabarnett@example.com,Micronesia,Indiana
C00131,Russell Sellers,aliciamiller@example.com,Eritrea,Kentucky
C00132,Mary Roberts,jeffersonbrittany@example.org,Belgium,Oregon
C00133,Paula Rios,courtney99@example.org,Chad,Nebraska
C00134,Samantha Thompson,montgomerypatrick@example.org,Philippines,Wyoming
C00135,Edward Roberts,ubell@example.com,Hungary,Oregon
C00136,Wendy Garcia,scottstanley@example.net,Jersey,Ohio
C00137,Mitchell Gross,craigharrison@example.net,South Georgia and the South Sandwich Islands,Mississippi
C00138,Jonathan Roy,victor87@example.org,Philippines,South Carolina
C00139,Shane Barnes,huynhangela@example.com,Libyan Arab Jamahiriya,Wisconsin
C00140,Tyler Solomon,lindsaylee@example.net,Cote d'Ivoire,Nebraska
C00141,Paul Marquez,christopher73@example.net,United States Minor Outlying Islands,Kentucky
C00142,Kirsten Ramirez,williammoore@example.org,Germany,North Carolina
C00143,Linda Miller,grossjamie@example.net,Vietnam,Maryland
C00144,Allison Hardy,astevenson@example.org,Nepal,Connecticut
C00145,Karen Carlson,michaelramos@example.org,Venezuela,Delaware
C00146,Brian Franklin,floresmark@example.org,Italy,Washington
C00147,Shannon Fisher,larryfrost@example.com,Cayman Islands,Rhode Island
C00148,Jack Griffin,rburns@example.net,Turks and Caicos Islands,Mississippi
C00149,Nancy Cantu,lindseynash@example.net,Yemen,Florida
C00150,Mary Garcia,nsmith@example.org,Argentina,Rhode Island
C00151,Robert Miller,rrose@example.net,Holy See (Vatican City State),Florida
C00152,Molly Scott,hallmisty@example.com,Liberia,Maryland
C00153,Yvonne Fisher,ginasimpson@example.org,Bahamas,Nevada
C00154,Jason Lee,sferguson@example.com,Tanzania,Rhode Island
C00155,Tiffany Evans,michellecarlson@example.org,Ecuador,Wisconsin
C00156,Edward Morrow,hmcgrath@example.com,Montenegro,California
C00157,Diane Graves,hernandezjose@example.com,Libyan Arab Jamahiriya,New Jersey
C00158,Roger Gallagher,bfernandez@example.org,Bermuda,Virginia
C00159,John Beck,crystal29@example.com,Afghanistan,Nebraska
C00160,Teresa Ramirez,ryanshaw@example.org,Pitcairn Islands,Illinois
C00161,Arthur Poole,ycooper@example.org,Niger,Kansas
C00162,Mary Rodriguez,lynnthompson@example.org,Cambodia,New Mexico
C00163,Susan Franklin,gilbert78@example.net,United States Virgin Islands,Colorado
C00164,Rebecca Perez,patrickmaxwell@example.net,Paraguay,Colorado
C00165,Michelle Li,jorgedouglas@example.org,Cyprus,Oklahoma
C00166,Kenneth Nash,sherry51@example.org,Iran,Pennsylvania
C00167,Ricky Flynn,davidday@example.com,Bulgaria,Ohio
C00168,Mr. Jacob Lewis,jimenezkevin@example.net,Tanzania,North Dakota
C00169,Samuel Peterson,michellevelazquez@example.net,Sierra Leone,South Carolina
C00170,Victoria Buckley,juareztammy@example.com,Philippines,Kentucky
C00171,Michael Turner,dana29@example.org,Palestinian Territory,North Dakota
C00172,Valerie Ayala,gary49@example.net,Norway,Missouri
C00173,Mike Williams,rgeorge@example.org,French Guiana,New Hampshire
C00174,Benjamin Hernandez,jeremydickerson@example.org,Norfolk Island,Kentucky
C00175,Matthew Odonnell,bergnicole@example.net,Cambodia,North Carolina
C00176,Colin Sanchez,leedebbie@example.org,Saint Lucia,Alabama
C00177,Bethany Dawson,cassandra27@example.com,Georgia,Nebraska
C00178,Jessica Nelson,scross@example.net,Venezuela,Iowa
C00179,Hector Livingston PhD,daleholder@example.org,Uruguay,Wyoming
C00180,Stephanie Duke,johnsoncynthia@example.org,Samoa,Nebraska
C00181,Rodney Miles,ufox@example.com,Dominica,Maryland
C00182,Kimberly Miller,hkennedy@example.org,United Kingdom,North Carolina
C00183,Brooke Moore,daniel62@example.com,Qatar,Hawaii
C00184,Jeremy Clark,austin07@example.org,Suriname,Wyoming
C00185,Desiree Pierce,mcdowelljulie@example.com,Costa Rica,New Jersey
C00186,Eric Ho,ksmith@example.org,Dominican Republic,Massachusetts
C00187,Sherry Welch,heather95@example.com,Turkey,Kansas
C00188,Megan Collins,jeffturner@example.com,Swaziland,New Mexico
C00189,Jason Nguyen,zlowery@example.org,Tunisia,Massachusetts
C00190,Jennifer Hunter,joshuavincent@example.net,Swaziland,Montana
C00191,Danielle Holmes,thompsonstanley@example.com,Turkmenistan,South Carolina
C00192,Cheryl Bowen,thompsonandrew@example.net,Singapore,Arkansas
C00193,Jeremy White,jessica88@example.net,Equatorial Guinea,Alaska
C00194,Richard Smith,ucook@example.com,Bulgaria,Florida
C00195,Kelly Pineda,ljackson@example.net,Saudi Arabia,California
C00196,Curtis Lewis,audrey51@example.net,Bahamas,Hawaii
C00197,Donna Hicks,ashleehodge@example.com,Oman,Alaska
C00198,Alyssa Erickson,paulpearson@example.com,Palau,Iowa
C00199,Christopher Sharp,jonesfrank@example.org,Burkina Faso,Utah
C00200,Andrew Mullen,michael15@example.com,Honduras,Arizona
C00201,Christina Prince,davidsherman@example.net,Congo,Georgia
C00202,Robert Smith,tlowe@example.org,Norway,Utah
C00203,William Rios,emurray@example.net,Sierra Leone,Mississippi
C00204,Sarah Murphy,evelynpeters@example.org,Tonga,Mississippi
C00205,Amanda Preston,andrea25@example.net,Cocos (Keeling) Islands,Nebraska
C00206,Matthew Ward,sara68@example.org,Taiwan,Nebraska
C00207,Sylvia Mccormick,nancyfisher@example.com,France,Iowa
C00208,Angela Smith,ywilliams@example.org,Kiribati,Connecticut
C00209,Diane Smith,carol99@example.net,Paraguay,Washington
C00210,Sabrina Bowen,michael19@example.net,Sao Tome and Principe,Missouri
C00211,Joshua Leon,jenniferbrown@example.com,Saint Martin,Oklahoma
C00212,Devin Wilson,ozamora@example.com,Romania,Arizona
C00213,Jennifer Jones,vickie34@example.net,Lebanon,Mississippi
C00214,Rebecca Stuart,kyle85@example.net,South Georgia and the South Sandwich Islands,Louisiana
C00215,Thomas Johnson,amanda02@example.net,El Salvador,Colorado
C00216,Amanda Larson,charles70@example.com,Western Sahara,North Carolina
C00217,Katherine White,shepherdbrandon@example.com,Antarctica (the territory South of 60 deg S),Massachusetts
C00218,Lauren Miller,ricecynthia@example.net,Azerbaijan,Alabama
C00219,David Zhang,christophernguyen@example.net,Djibouti,Oregon
C00220,Derrick Clark,haydenjohn@example.net,Togo,Alabama
C00221,Sherry Lee MD,zanderson@example.org,Uruguay,New Mexico
C00222,Jennifer Jimenez,ubriggs@example.org,Iceland,New Jersey
C00223,Matthew Smith Jr.,klewis@example.org,Palau,Missouri
C00224,Kyle Webb,omoon@example.com,South Georgia and the South Sandwich Islands,Arizona
C00225,Jessica Becker,christineperez@example.org,Barbados,Hawaii
C00226,Christopher Porter,jennifer04@example.net,Fiji,Mississippi
C00227,Dr. Joel Anderson,hoffmanjeffrey@example.net,Australia,Louisiana
C00228,Karen Smith,lindalee@example.net,Western Sahara,New Jersey
C00229,William Koch,kevinjackson@example.com,Hong Kong,Kansas
C00230,Shelly Baker,antonioandrade@example.net,Venezuela,New York
C00231,Jesus Jackson,joshua18@example.org,Romania,Connecticut
C00232,Daniel Deleon,epark@example.org,Aruba,Montana
C00233,Justin Anderson,melissa00@example.com,Burkina Faso,Alaska
C00234,William Marshall,thompsonkendra@example.com,Argentina,Nevada
C00235,Sheryl Braun,uking@example.org,Singapore,Florida
C00236,Lance Torres,josephlee@example.com,Turkmenistan,Utah
C00237,Joshua Brennan,chicks@example.net,Monaco,Illinois
C00238,Debra Marquez,timothy64@example.net,Singapore,Alabama
C00239,Kristine Davis,ramirezdestiny@example.org,Oman,Maryland
C00240,Kristen Ball,jonesanthony@example.org,Georgia,Idaho
C00241,Sara Jenkins,cynthiacarpenter@example.com,Mongolia,Oklahoma
C00242,Dennis Gonzales,zvilla@example.org,Philippines,South Carolina
C00243,Darren Barton,dcain@example.org,Bouvet Island (Bouvetoya),Florida
C00244,Kimberly Smith,karen78@example.net,Slovakia (Slovak Republic),Michigan
C00245,Christina Vaughn,ataylor@example.org,Vanuatu,Oregon
C00246,Melissa Bryant,paul74@example.net,Jordan,Kansas
C00247,Steven Kelly,tuckermichael@example.net,Colombia,Maine
C00248,Andrea Lane DDS,fshaw@example.org,Bouvet Island (Bouvetoya),West Virginia
C00249,Denise Lewis,victoria58@example.com,Montenegro,Arizona
C00250,Phillip Cisneros,cameron34@example.net,Niue,North Carolina
C00251,Brenda Munoz,alexander91@example.org,Bouvet Island (Bouvetoya),Montana
C00252,Jon Pennington,meagan22@example.org,Canada,Ohio
C00253,Mr. Leonard Martinez,morrisonandrea@example.net,Zimbabwe,Tennessee
C00254,Casey Reyes,stevenwalker@example.com,Saint Vincent and the Grenadines,Iowa
C00255,Sara Grant,ufoster@example.net,Heard Island and McDonald Islands,Kansas
C00256,Katherine Ferrell,aaron26@example.com,Croatia,Mississippi
C00257,Mrs. Victoria Smith,peter46@example.com,Nauru,Montana
C00258,Andrew Miller,richard09@example.com,Sweden,Wisconsin
C00259,Jared Trujillo,jonathanward@example.net,Monaco,Maryland
C00260,Janet Hayes,danahernandez@example.org,Timor-Leste,Maine
C00261,Kaylee Ford,okim@example.org,Netherlands,Indiana
C00262,Rebecca Mitchell,karenflores@example.com,Lao People's Democratic Republic,Minnesota
C00263,Kimberly Mcdonald,tramos@example.org,Turks and Caicos Islands,North Dakota
C00264,Michael Reilly,corey89@example.com,Ethiopia,Wisconsin
C00265,Susan Munoz,zbennett@example.net,Burundi,Indiana
C00266,Richard Perez,penasteven@example.net,Uganda,New Mexico
C00267,Michael Adams,luisdunn@example.org,Benin,Georgia
C00268,Paula Dean,briannapatton@example.net,Uruguay,New Jersey
C00269,Priscilla Thompson,robertorivera@example.net,Saint Pierre and Miquelon,Arkansas
C00270,Chase Ritter,debbiebrown@example.net,Mayotte,North Carolina
C00271,Patrick Shepherd,washingtonmaria@example.org,Ghana,Wyoming
C00272,Tanya Burton,herreradouglas@example.com,Argentina,Oregon
C00273,Sara Davis,randyryan@example.com,Botswana,Illinois
C00274,Tiffany Hall,toddlee@example.net,Yemen,Tennessee
C00275,Henry Santos,georgehughes@example.org,Zimbabwe,Maine
C00276,Ashley Butler,ymitchell@example.net,Reunion,Wisconsin
C00277,Christopher Santiago,kyle73@example.com,Zambia,Connecticut
C00278,Timothy Rogers,barronamy@example.org,Guadeloupe,Pennsylvania
C00279,Danielle Davis,cmercer@example.com,French Guiana,Minnesota
C00280,Mary Bennett,nclark@example.com,Angola,West Virginia
C00281,Jason Rojas,rwood@example.com,Palestinian Territory,Missouri
C00282,Jason Smith,pamelasharp@example.net,Rwanda,Maine
C00283,Margaret Bray,brian67@example.org,Poland,Montana
C00284,Shawn Fisher,jennifer25@example.org,Turkey,Tennessee
C00285,Sherri Foster,barbarawalsh@example.net,Libyan Arab Jamahiriya,Alabama
C00286,Michael Benson,jessicaperry@example.org,Egypt,Nevada
C00287,Christopher Ramsey,danielle68@example.org,Jordan,Georgia
C00288,Danielle Stephenson,kyle98@example.com,Montserrat,South Dakota
C00289,Adam Swanson,williamsongeorge@example.com,Benin,Ohio
C00290,Dakota Perkins,espinozamonica@example.net,Egypt,West Virginia
C00291,Bobby Gonzalez,nancywright@example.org,North Macedonia,Pennsylvania
C00292,Larry Joseph DVM,martindavid@example.net,Latvia,New Hampshire
C00293,Melissa Walker,sara53@example.net,Guinea-Bissau,Massachusetts
C00294,Melanie Morton,heatherburns@example.net,Timor-Leste,Iowa
C00295,George Munoz,romerokyle@example.com,Cape Verde,Nebraska
C00296,Jason Jenkins,jerickson@example.org,Qatar,Indiana
C00297,Erica Smith,qjackson@example.org,Chile,Wyoming
C00298,Kristen Peters,webbmark@example.net,Yemen,Maryland
C00299,Nicole Williams,warnerandrea@example.net,United States Virgin Islands,Mississippi
C00300,Timothy Kelley,acastaneda@example.net,Andorra,South Dakota
C00301,Mr. Anthony Russell,evance@example.com,Central African Republic,West Virginia
C00302,Laurie Price,hintonerin@example.com,Saint Pierre and Miquelon,Colorado
C00303,Mark Nichols MD,wperez@example.org,Holy See (Vatican City State),Colorado
C00304,Michael Cooper,craig67@example.com,French Guiana,Idaho
C00305,Jamie Meyer,rhondaedwards@example.com,French Southern Territories,Hawaii
C00306,Calvin Blake,brendaflores@example.com,Mexico,Alabama
C00307,Lisa Mitchell,brettshort@example.net,Liberia,Illinois
C00308,Alicia Stephenson,gilmoretina@example.org,Brunei Darussalam,Wyoming
C00309,Justin Jones,russellanna@example.com,Isle of Man,Pennsylvania
C00310,Scott Gray,thompsonjudy@example.net,Cayman Islands,Vermont
C00311,Sean Luna,melinda64@example.net,Samoa,Virginia
C00312,Brian Wells,jamesjones@example.org,San Marino,Michigan
C00313,Thomas Green,chanmargaret@example.org,Trinidad and Tobago,Delaware
C00314,Andrew Garcia,alexanderamanda@example.com,Brazil,Iowa
C00315,Veronica Jones,cindyolsen@example.com,Honduras,Nevada
C00316,George Taylor,derek80@example.com,Gibraltar,Michigan
C00317,Ryan Garza,transharon@example.org,Sweden,Oklahoma
C00318,Joseph Larson,adamsjeff@example.net,Benin,Oregon
C00319,Christina Guerrero,rwilliams@example.com,Bangladesh,West Virginia
C00320,Ricky Ramos,meredith12@example.net,Netherlands Antilles,Missouri
C00321,Leah Bradshaw,petersonaaron@example.org,Romania,Michigan
C00322,Helen Webster,tspencer@example.net,Paraguay,Virginia
C00323,Scott Rocha,roblessamantha@example.net,Nigeria,Louisiana
C00324,Andrea Mcdaniel,thomashurley@example.net,Pakistan,Virginia
C00325,Tiffany Macdonald,ldavis@example.com,Croatia,Mississippi
C00326,Yvonne Anderson,luiskemp@example.com,Argentina,Arkansas
C00327,Daniel Brooks,munozrenee@example.org,Turks and Caicos Islands,Rhode Island
C00328,Jamie Gross,thomasalan@example.com,Brunei Darussalam,Virginia
C00329,Rachel Peters,danielle14@example.com,United Kingdom,Minnesota
C00330,Gregory Daniels,alec44@example.com,Cambodia,North Carolina
C00331,Brian Jones,meganking@example.org,Tonga,Vermont
C00332,Eileen Palmer,april44@example.org,Jersey,Pennsylvania
C00333,Brittany Kidd,michael52@example.org,United States Minor Outlying Islands,Georgia
C00334,Mary Brown,fhubbard@example.net,San Marino,Ohio
C00335,Andrea Lutz,rebeccanguyen@example.net,Bahrain,Wisconsin
C00336,Jeremy Adams,sclark@example.com,Portugal,Tennessee
C00337,Guy Keller,michele84@example.net,Saint Barthelemy,Illinois
C00338,Gary Johnson,reginald07@example.org,Saint Martin,Texas
C00339,Jennifer Kirby,cynthiabeasley@example.com,Guinea-Bissau,Indiana
C00340,Lori Martin,espinozasteven@example.com,Guam,Pennsylvania
C00341,David Hernandez,vsmith@example.org,Greece,Massachusetts
C00342,Haley Thompson,barnesjennifer@example.net,Switzerland,Rhode Island
C00343,Dr. Angela Ryan,imorse@example.com,Wallis and Futuna,Kentucky
C00344,Alex Jordan,milleramber@example.net,Azerbaijan,Nebraska
C00345,Andrew Mullins,aaronallen@example.com,Vanuatu,Montana
C00346,Kelly Chapman,john50@example.com,Angola,California
C00347,Kevin Diaz,suzanne42@example.net,Brunei Darussalam,Louisiana
C00348,Emma Grant,kimberly47@example.com,Congo,Rhode Island
C00349,Shannon Jensen,lhodge@example.org,Samoa,Maine
C00350,Joseph Oliver,rivaskurt@example.net,Swaziland,Louisiana
C00351,Luis Bonilla,caseyroach@example.org,Switzerland,Wyoming
C00352,Erica Rios,ysmith@example.org,Chile,Pennsylvania
C00353,Paula Fowler,christophermartin@example.net,Sudan,Illinois
C00354,Matthew Espinoza,uvillegas@example.com,Namibia,Mississippi
C00355,Matthew Bailey,hallallison@example.net,Martinique,Washington
C00356,James Foley,rebecca62@example.net,Malaysia,Massachusetts
C00357,Natalie Newman,zwhite@example.org,Nigeria,South Dakota
C00358,Kelly Castillo,johnsoncrystal@example.net,Bulgaria,Oregon
C00359,Wendy Grant,elutz@example.com,British Virgin Islands,Wisconsin
C00360,Lynn Palmer,ericwillis@example.net,Congo,Vermont
C00361,Anthony Brady,malonedonna@example.com,Pitcairn Islands,Kentucky
C00362,Andrea Ellis,jonesrobert@example.org,Guadeloupe,Indiana
C00363,Taylor Delgado,epierce@example.com,Saint Vincent and the Grenadines,Indiana
C00364,Christopher Hoover,codonnell@example.org,Greenland,Kentucky
C00365,David Gibson,carrollchristopher@example.net,Singapore,North Dakota
C00366,Michelle Hernandez,christinajohnston@example.org,Angola,California
C00367,Donna Patrick,adkinsstephen@example.com,Antarctica (the territory South of 60 deg S),Nevada
C00368,Matthew Woodard,mallorygarza@example.com,Sweden,Nebraska
C00369,Edward Marks,justinjohnson@example.net,Uzbekistan,Colorado
C00370,James Harris,dixonjill@example.net,Bahamas,Kentucky
C00371,Tracy Sanchez,crystal12@example.com,Ghana,Virginia
C00372,Maurice House,smartinez@example.net,United States of America,Maryland
C00373,Zachary Floyd,patrick94@example.com,British Indian Ocean Territory (Chagos Archipelago),Mississippi
C00374,Tiffany Chapman DVM,taylorthomas@example.com,Lebanon,Idaho
C00375,Michelle Vaughn,bfisher@example.com,Tuvalu,North Dakota
C00376,Amber Adkins,avillarreal@example.net,Uzbekistan,Vermont
C00377,Elizabeth Baker,lindseyrobert@example.net,Bermuda,Iowa
C00378,Andrew Smith,billydennis@example.net,Israel,Kentucky
C00379,James Smith,whitegavin@example.net,Slovakia (Slovak Republic),Connecticut
C00380,Travis Lane,qnguyen@example.net,Western Sahara,Ohio
C00381,Dawn Wilson,alexandra40@example.org,Jersey,Iowa
C00382,Michael Hall,adam70@example.org,Mozambique,West Virginia
C00383,Tony Moses,qroman@example.org,Canada,Michigan
C00384,Tanya Robbins,matthew22@example.com,Cocos (Keeling) Islands,North Carolina
C00385,Sarah Ellis,smithashley@example.org,Kyrgyz Republic,Oklahoma
C00386,Amanda Wallace,inguyen@example.net,Malawi,Kansas
C00387,James Holloway,miguelcarroll@example.org,Congo,Florida
C00388,Dana Ramirez,randall55@example.com,El Salvador,Minnesota
C00389,Judy Perez,carriemorgan@example.com,Hong Kong,Hawaii
C00390,Michael Nguyen,tmoon@example.net,Indonesia,Missouri
C00391,Lucas Aguirre,alyssa19@example.org,Djibouti,Kansas
C00392,Jeffrey Larson,robert75@example.org,South Georgia and the South Sandwich Islands,New Jersey
C00393,Dawn Hood,dale46@example.com,Vanuatu,Arizona
C00394,Evelyn Henderson,coffeycaroline@example.net,Monaco,South Dakota
C00395,Amber Michael,markbaker@example.net,Gibraltar,Idaho
C00396,Richard Vang,guzmanlinda@example.net,Sao Tome and Principe,Arizona
C00397,Michael Bush,cristianwelch@example.com,Peru,Colorado
C00398,Timothy Costa,jmckee@example.com,Andorra,Kansas
C00399,Marcus Castillo,joel12@example.net,Mozambique,Vermont
C00400,Claudia White,longmatthew@example.net,Russian Federation,Mississippi
C00401,Andrew Hawkins,ryandixon@example.org,Antigua and Barbuda,Idaho
C00402,Brandon Cruz,zabbott@example.com,Lithuania,Michigan
C00403,Melissa Williams,garciachristopher@example.com,Saint Pierre and Miquelon,Iowa
C00404,Jacqueline Nelson,wattsmichelle@example.org,Guinea-Bissau,Illinois
C00405,Amanda Burns,davidroach@example.net,Tokelau,North Carolina
C00406,Tracey Wilson,hklein@example.org,Latvia,Kansas
C00407,Jordan Rich,kaufmanjennifer@example.org,Zimbabwe,Alabama
C00408,Ann Boyd,jenniferfox@example.net,Yemen,New Mexico
C00409,Jackie Pope,uhall@example.net,Chad,Massachusetts
C00410,Patricia Garza,theodore21@example.net,British Indian Ocean Territory (Chagos Archipelago),Nebraska
C00411,Stephanie Jensen,masonjenna@example.net,Nepal,Michigan
C00412,Alex Harris,bellmicheal@example.net,Guernsey,Georgia
C00413,Maria Holt,kimberlygardner@example.net,Christmas Island,Oregon
C00414,Dr. Ebony Franklin MD,lobrien@example.net,Samoa,Michigan
C00415,James Bishop,jcox@example.org,Malta,Louisiana
C00416,John Rogers,andrewmckay@example.org,Tajikistan,Massachusetts
C00417,Frank White,norrisandrew@example.com,Norway,West Virginia
C00418,James Scott,cgriffith@example.org,Egypt,New York
C00419,Sharon Cook,vmorales@example.com,Lao People's Democratic Republic,Oregon
C00420,Michael Tucker,bryan74@example.net,Puerto Rico,Texas
C00421,Kristie Lee,vargasjessica@example.net,Panama,Virginia
C00422,Alexander Murphy MD,ronalddixon@example.net,Romania,Hawaii
C00423,Holly Lee,kimberlymarquez@example.com,Guernsey,Virginia
C00424,Melanie Perry,sedwards@example.net,Micronesia,Texas
C00425,Lauren Johnson,gordonyolanda@example.com,Bahrain,West Virginia
C00426,Jonathan West,meagan19@example.net,Mauritania,Oklahoma
C00427,Sandra Sanders,rodriguezkimberly@example.org,Armenia,Mississippi
C00428,Jeff Kelly,yschwartz@example.org,United Arab Emirates,Maryland
C00429,Michael Rodgers,lisajimenez@example.org,Marshall Islands,Kentucky
C00430,Christopher Cain,olsonshane@example.com,Central African Republic,North Dakota
C00431,Joanna Montoya,julia06@example.com,Serbia,Delaware
C00432,Mary Gilbert,burnettjenny@example.org,American Samoa,Utah
C00433,Stephanie Gonzalez,curtissweeney@example.net,Papua New Guinea,Hawaii
C00434,Michele Fernandez,cheyenne49@example.net,Palau,Utah
C00435,Jason Liu,dustinmiller@example.com,Peru,Virginia
C00436,Yvonne Clark,kellismith@example.org,Antarctica (the territory South of 60 deg S),Maine
C00437,Wanda Rodriguez,kayla95@example.net,Thailand,Louisiana
C00438,Glenn Nash,gomezkrista@example.org,Kyrgyz Republic,Massachusetts
C00439,Jill Smith,danielmack@example.org,Equatorial Guinea,New York
C00440,Margaret Lee,amoran@example.net,Cuba,Arizona
C00441,Jessica Stone,tduncan@example.net,Bolivia,Minnesota
C00442,Gerald Gomez,ashley50@example.net,Nicaragua,South Carolina
C00443,Jose Carter,phillipsjustin@example.com,Uganda,California
C00444,James Simpson,amandaford@example.org,South Georgia and the South Sandwich Islands,Florida
C00445,Lauren Wright,mbrewer@example.org,Korea,Louisiana
C00446,Leslie Hill,tfigueroa@example.net,Cameroon,Indiana
C00447,Miranda Mitchell MD,bgarner@example.net,Rwanda,Alabama
C00448,Zachary Cline,clarkethomas@example.com,Western Sahara,Kentucky
C00449,Karen Rodriguez,john21@example.org,Malawi,South Carolina
C00450,Michelle Gould,donald13@example.net,Cuba,North Carolina
C00451,Benjamin Bruce,andrea26@example.org,Isle of Man,Alaska
C00452,Lisa Martinez,bwood@example.net,Comoros,Wyoming
C00453,Erin Johnson,william69@example.org,Guyana,Illinois
C00454,Tracey Blackburn,ymelendez@example.com,France,Connecticut
C00455,Kimberly Nichols,bryantsteven@example.net,Thailand,New Jersey
C00456,Jennifer Ryan,mdiaz@example.com,Malta,Arkansas
C00457,Kimberly Allen,monicagregory@example.com,Zimbabwe,Tennessee
C00458,Jacqueline Barnes,brandon06@example.com,Benin,Alaska
C00459,Clinton Kirk,pgonzalez@example.net,Tonga,Missouri
C00460,Shirley Robinson,wilsonbobby@example.com,Comoros,Georgia
C00461,Jennifer Hill,davilabonnie@example.com,Kazakhstan,Rhode Island
C00462,Michael Rodriguez,rsolis@example.org,Pakistan,Kentucky
C00463,Seth Stewart,lebarry@example.org,Saint Martin,Michigan
C00464,Michael Jones,stephen81@example.org,Vietnam,Indiana
C00465,Susan Ellis,tracy68@example.org,Jordan,Kansas
C00466,Sheila Lee,wallacemario@example.org,Marshall Islands,Nebraska
C00467,Rodney Myers,eromero@example.net,Micronesia,Illinois
C00468,Rebecca Williams,edwardmay@example.org,Guyana,Kentucky
C00469,David Rodriguez,leah24@example.net,Guinea-Bissau,Florida
C00470,Leslie Jimenez,gary82@example.com,Azerbaijan,South Dakota
C00471,Cheryl Davis,jodiclark@example.com,Chile,North Carolina
C00472,Elizabeth Preston,elizabethfox@example.com,Turkey,New Jersey
C00473,Jared Cox,etaylor@example.com,Slovakia (Slovak Republic),Pennsylvania
C00474,Kathleen Andrews,hhawkins@example.com,Swaziland,Massachusetts
C00475,Ashley Estrada,jasminehughes@example.org,Faroe Islands,Idaho
C00476,Ashley Walls,johnmccullough@example.org,Ghana,Wisconsin
C00477,David Ramos,rebeccajones@example.org,Bhutan,Florida
C00478,Mario Wagner,kevin74@example.net,Oman,Mississippi
C00479,Stephen Fisher,michael64@example.net,Mexico,South Dakota
C00480,David Miller,john82@example.com,Nigeria,Iowa
C00481,Nathan Curtis,hbautista@example.com,Venezuela,Michigan
C00482,Jacob Pierce,bishoplori@example.org,British Indian Ocean Territory (Chagos Archipelago),Illinois
C00483,Allison Smith,jameslucas@example.com,Sao Tome and Principe,Wyoming
C00484,Patrick Fields,alexanderbenjamin@example.com,Tuvalu,Indiana
C00485,Sabrina Taylor,iprince@example.com,Northern Mariana Islands,Maryland
C00486,James Mendoza,vwalker@example.org,Vanuatu,Idaho
C00487,Ashley Williams,kendra45@example.net,Montserrat,Rhode Island
C00488,Samuel Watson,cabreraedward@example.net,Netherlands,Colorado
C00489,Jeffrey Mason,patelchristopher@example.net,Cameroon,Utah
C00490,Kelly Schneider,ylowe@example.org,Palestinian Territory,New Mexico
C00491,Michael Mcbride,nicholas84@example.org,Sudan,Florida
C00492,Donald Phillips,greenkaitlyn@example.com,Iraq,Maryland
C00493,Joseph Williams,victoriadixon@example.com,Syrian Arab Republic,Alaska
C00494,Amber Burnett,castanedashane@example.org,Gabon,Massachusetts
C00495,Scott Diaz,cbaker@example.com,British Indian Ocean Territory (Chagos Archipelago),Montana
C00496,Lisa Cunningham,thomas28@example.net,Sri Lanka,North Carolina
C00497,Shelby Smith,patrick20@example.com,Chile,New York
C00498,Keith Johnson,joshua23@example.com,Azerbaijan,Wyoming
C00499,Nicholas Yates,johncherry@example.org,Nigeria,New Mexico
C00500,Michael Parks,penny11@example.net,Guadeloupe,Maryland
C00501,Julie Morales,zachary32@example.net,United States Virgin Islands,Virginia
C00502,Ryan Campbell,mcastro@example.com,Kuwait,New Mexico
C00503,Tracy James,elizabethhoover@example.net,Luxembourg,Kansas
C00504,Christine Booth MD,ashley39@example.com,British Indian Ocean Territory (Chagos Archipelago),Idaho
C00505,Michael Rodriguez,smontoya@example.net,Syrian Arab Republic,New Mexico
C00506,Daniel Davis,ldiaz@example.org,Vietnam,Connecticut
C00507,Julia Hoffman,kanderson@example.com,Sweden,Florida
C00508,Jeffrey Martin,lhinton@example.com,Romania,New Mexico
C00509,Steven Contreras,moodysheryl@example.net,Reunion,Minnesota
C00510,David Guzman,robertdominguez@example.net,French Guiana,New York
C00511,Leslie Ramirez,lopezashley@example.org,Madagascar,Massachusetts
C00512,Kathryn Atkinson,kristinasantana@example.net,Norway,New Jersey
C00513,Kenneth Decker,cbrooks@example.com,Serbia,West Virginia
C00514,Kevin Moses,jonathanknight@example.com,French Southern Territories,Washington
C00515,Brandon Hoover,michaeltaylor@example.org,Poland,Georgia
C00516,Deborah Cortez,john93@example.com,Saint Barthelemy,Missouri
C00517,David Jones,xvaughn@example.net,New Zealand,Nevada
C00518,Chad Cannon,jacksonaustin@example.org,Saint Vincent and the Grenadines,Arizona
C00519,Olivia Richardson,ukent@example.org,Norfolk Island,Louisiana
C00520,Ruth Dudley,pearsonchristopher@example.net,Kyrgyz Republic,Maryland
C00521,Lauren Suarez,patricia47@example.org,Tajikistan,South Carolina
C00522,Amanda Rogers,andrewchen@example.org,Sao Tome and Principe,Utah
C00523,David Murphy,wsmith@example.com,Venezuela,Virginia
C00524,Sherri Taylor,crodriguez@example.org,Marshall Islands,Alabama
C00525,Dakota Johnson,melissatucker@example.org,Haiti,Virginia
C00526,Mary Coleman,nmorrison@example.org,Nigeria,New Jersey
C00527,Pamela Fuller,brianfrancis@example.com,Norway,Kansas
C00528,John Flores,tommymartinez@example.net,Vietnam,Florida
C00529,Lori Williams,martinbrennan@example.net,Nicaragua,Utah
C00530,Brandon Gordon,gomezwilliam@example.com,Argentina,Nebraska
C00531,Anthony Palmer,mary17@example.com,Andorra,California
C00532,Caitlyn Green,wallacekathleen@example.net,Angola,Kansas
C00533,Gregory Copeland,vbrock@example.net,Turkmenistan,Louisiana
C00534,Rebecca Waters,xdixon@example.org,Gambia,Kansas
C00535,Richard Fisher,umorales@example.com,Madagascar,Idaho
C00536,Haley Barron,mary71@example.com,Niue,Tennessee
C00537,Caleb Gutierrez,jacob31@example.com,French Polynesia,New Mexico
C00538,Haley Morgan,mcleankathleen@example.net,Singapore,Georgia
C00539,Daniel Gallagher,payneteresa@example.org,Cayman Islands,Maine
C00540,Samantha Walters,katie65@example.org,Korea,Kentucky
C00541,Kyle Cohen,stephaniewatkins@example.com,Zambia,Maryland
C00542,Jose Aguirre,carterrussell@example.org,Panama,Arkansas
C00543,Shannon Khan,matthew25@example.org,Lebanon,Virginia
C00544,Megan Kim,wrightrobert@example.org,Honduras,North Carolina
C00545,Reginald Brewer,holly67@example.com,Ireland,North Carolina
C00546,Thomas Gordon,michaelpeters@example.net,New Caledonia,Mississippi
C00547,Tina Lopez,upeck@example.org,Madagascar,Minnesota
C00548,Kathleen Smith,jacksonjames@example.com,Sri Lanka,Vermont
C00549,Jeremy Jones,halljonathan@example.com,Saint Pierre and Miquelon,Hawaii
C00550,Mary Brewer,andrewsrachel@example.com,Saint Pierre and Miquelon,Georgia
C00551,Allison Lee,karen87@example.com,Central African Republic,North Dakota
C00552,Matthew Gardner,mmartin@example.com,Sudan,Mississippi
C00553,Shawn Moss,chaseeric@example.org,New Zealand,Florida
C00554,Natasha Thomas,ryan91@example.net,Falkland Islands (Malvinas),New Mexico
C00555,Carl Anthony,peterboyd@example.com,Peru,Kentucky
C00556,Juan Carter,christopherortiz@example.com,Kiribati,Michigan
C00557,Leslie Shaffer,matthewherrera@example.net,French Guiana,Maryland
C00558,Matthew Medina,nbailey@example.org,Taiwan,Texas
C00559,Shannon Shah,jknapp@example.org,Nigeria,North Dakota
C00560,Stacy Wright,mccoymarisa@example.org,Austria,North Dakota
C00561,Peter Miller,alyssa88@example.net,Wallis and Futuna,North Dakota
C00562,Samuel Clark,townsendjustin@example.com,Palestinian Territory,Massachusetts
C00563,Melinda Walker,marilynochoa@example.com,Malta,Colorado
C00564,Jacob Reid,montgomerytoni@example.com,Kuwait,Indiana
C00565,Brian Manning,stephanie75@example.com,Lebanon,Illinois
C00566,Patrick Taylor,porterronald@example.com,Slovenia,West Virginia
C00567,Michaela Wood,laurahinton@example.net,Antigua and Barbuda,Utah
C00568,Jessica Medina,scottquinn@example.net,Zambia,Texas
C00569,Bryan Rodriguez,david54@example.net,Turkey,Washington
C00570,Tammy Martinez,deannabanks@example.com,Paraguay,Maryland
C00571,Victoria Wilson,carlosevans@example.com,Romania,Wisconsin
C00572,Laura Johnson,younganita@example.org,Tajikistan,Maine
C00573,John Cole,gabriel46@example.com,Samoa,Michigan
C00574,Toni Johnson,henryjohn@example.com,Trinidad and Tobago,New Mexico
C00575,Steven Brown,mahoneypaul@example.org,Swaziland,Washington
C00576,Michael Torres,roachalan@example.org,Turkey,Iowa
C00577,Vicki Fox,robinsonkyle@example.net,Namibia,Indiana
C00578,David Ortiz,johnsonchristopher@example.com,Mali,Louisiana
C00579,Sarah Smith,daniel48@example.org,Tunisia,Washington
C00580,Colin Elliott,rebeccabrown@example.org,United Arab Emirates,New York
C00581,Jacob Miller,mcmahonkristine@example.net,Mauritius,Maryland
C00582,Heather Shields,awhite@example.com,Lebanon,Minnesota
C00583,Danielle Stewart,davidtucker@example.org,Saint Barthelemy,Georgia
C00584,Anne Wood,eric59@example.org,Kyrgyz Republic,Nebraska
C00585,Ashley Murphy,carlgillespie@example.com,Burundi,Missouri
C00586,Robert Ellis,nicole64@example.org,Togo,Hawaii
C00587,Christopher Wilkinson,rhonda77@example.com,Switzerland,Michigan
C00588,John Salazar DDS,tsullivan@example.net,Georgia,Rhode Island
C00589,Ashley Nunez,lisamarquez@example.net,Tajikistan,Wyoming
C00590,Jennifer Bowen,chelseafuller@example.net,Andorra,Illinois
C00591,Sierra Mcclain,klozano@example.com,Mali,Massachusetts
C00592,Thomas Griffin,walkerjennifer@example.com,Denmark,Kentucky
C00593,Cynthia Medina,perrymichael@example.com,Austria,Connecticut
C00594,Jennifer Green,mcgeemary@example.net,Brunei Darussalam,Oregon
C00595,Ashley Salazar,gary55@example.com,Belarus,Georgia
C00596,Blake Parks,darryl60@example.net,Gabon,Colorado
C00597,Nicole Martinez,mlowe@example.org,Switzerland,Colorado
C00598,Rachel Hernandez,selenagoodwin@example.org,South Georgia and the South Sandwich Islands,Montana
C00599,Duane Chen,wilsonrobert@example.org,Dominican Republic,Ohio
C00600,Jeremy Boone,racheljackson@example.com,Mauritius,New Mexico
C00601,Johnny Barber,kbell@example.net,Guatemala,Iowa
C00602,Adam Morgan,karawise@example.org,Guinea,Massachusetts
C00603,Nathan Hester,justinpage@example.org,Guadeloupe,Oregon
C00604,Rodney Colon,bporter@example.org,Tunisia,Tennessee
C00605,Denise Martinez,proctormatthew@example.com,Barbados,Michigan
C00606,Steven Knight,kimberlyruiz@example.org,Vanuatu,South Carolina
C00607,John Evans,gailyoung@example.com,Sudan,North Carolina
C00608,Kimberly Thomas,dbell@example.org,Gibraltar,Indiana
C00609,Tyrone Villarreal,andreabright@example.org,Saint Helena,Vermont
C00610,Jeff Sanchez,garrettjames@example.net,Azerbaijan,Nebraska
C00611,Cassandra Ramos,okelly@example.org,Norway,Idaho
C00612,Richard Henderson,icunningham@example.com,Chad,Indiana
C00613,Sheila Hall,mccartysheila@example.org,Marshall Islands,West Virginia
C00614,James Alvarado,byoung@example.org,United States Virgin Islands,Minnesota
C00615,Ralph Scott,lindseychandler@example.net,Greece,West Virginia
C00616,Phillip Young,elizabethsmith@example.org,Cote d'Ivoire,Maine
C00617,Taylor Reynolds,greg51@example.com,Senegal,Texas
C00618,Nathan Tucker,cristianhowe@example.net,Congo,Hawaii
C00619,Christopher Villanueva,imoss@example.com,Saint Lucia,Kentucky
C00620,Stephanie Rose,sullivanrichard@example.net,Saint Martin,Colorado
C00621,Daniel Patterson,davidmartin@example.net,Yemen,Virginia
C00622,Jonathan Houston,melissabutler@example.com,Brunei Darussalam,South Dakota
C00623,Chad Haynes,aaron47@example.net,Serbia,Iowa
C00624,Harold Collins,ashleygreen@example.org,Cocos (Keeling) Islands,Maryland
C00625,Eric Harris,robinsonmichael@example.org,Mauritius,South Dakota
C00626,John Wilkins,christopher28@example.org,Cayman Islands,Missouri
C00627,Antonio Moore,kathy48@example.org,Heard Island and McDonald Islands,Oregon
C00628,Brett Lang,dperez@example.org,Palau,Iowa
C00629,Lawrence Bowers,barnessherri@example.net,Estonia,Iowa
C00630,Becky Macias,nathanielgriffin@example.com,United Arab Emirates,Mississippi
C00631,Todd Nicholson,allendeanna@example.org,Latvia,Michigan
C00632,Richard Ryan,sknight@example.org,Iran,Vermont
C00633,Jeffrey Leonard,smithnathan@example.net,Ireland,Michigan
C00634,Rebecca Barajas,scott75@example.net,Marshall Islands,Oregon
C00635,Victoria Kelly,jeanettepeterson@example.net,Guatemala,Mississippi
C00636,Jessica Joseph,christopher91@example.com,Uganda,New Jersey
C00637,Angela Martinez,davisthomas@example.org,Tanzania,Oklahoma
C00638,Andrew Higgins,johnhaney@example.org,United Kingdom,Michigan
C00639,Jerry Stokes,davismartha@example.net,Congo,Oklahoma
C00640,Heather Griffith,jstewart@example.com,Belgium,Oklahoma
C00641,Michael Anderson,craig96@example.org,Ghana,Oklahoma
C00642,Maria Copeland,hicksbrittany@example.org,Canada,Oregon
C00643,Carol Barnes,ymolina@example.net,Belize,Virginia
C00644,William Barry,olivia21@example.net,Timor-Leste,Washington
C00645,Margaret Floyd,marissa54@example.com,Haiti,Illinois
C00646,Ashley Thomas,gutierrezkelly@example.net,Qatar,Washington
C00647,Sean Moody,duransamuel@example.org,Burkina Faso,North Carolina
C00648,Melissa Charles,lindsaywang@example.com,Cook Islands,Maryland
C00649,Brenda Cooper,brittany42@example.com,Cameroon,Massachusetts
C00650,David Caldwell,vbaker@example.net,Hong Kong,Tennessee
C00651,Gina Soto,brian92@example.org,British Virgin Islands,Illinois
C00652,Christine Montoya,wintersjoel@example.com,Qatar,Minnesota
C00653,David Garcia,stokesjohn@example.net,Ireland,Rhode Island
C00654,Lance Crosby,pmitchell@example.org,Chile,Arizona
C00655,Jason Yoder,gabrielwagner@example.com,Syrian Arab Republic,Connecticut
C00656,Elizabeth Salinas,kimberly37@example.net,Turkmenistan,Arizona
C00657,Brian Solis DDS,briansmith@example.net,Ukraine,Kansas
C00658,Bonnie Allen,lindakelly@example.net,Bermuda,Connecticut
C00659,Debra Miranda,melanie98@example.org,Burundi,Arkansas
C00660,Tracey Terry,teresa42@example.com,Aruba,Nevada
C00661,Kurt Patterson,wnelson@example.net,Guinea-Bissau,New York
C00662,Elizabeth Baldwin,gduncan@example.net,Haiti,Delaware
C00663,Donna Cervantes,kimberly33@example.com,Norway,New York
C00664,Gregory Gallagher,bryantlinda@example.com,Bolivia,North Dakota
C00665,William Sawyer,jennifer67@example.org,Spain,Wyoming
C00666,Sydney Hamilton,antoniothomas@example.net,Gibraltar,Maine
C00667,Stephen Heath,shelly06@example.org,Albania,Colorado
C00668,Teresa Diaz,adamstanton@example.org,Wallis and Futuna,Wyoming
C00669,Thomas Higgins,scottdavis@example.org,Greenland,Maine
C00670,Kimberly Rodriguez,emily65@example.net,Cambodia,Idaho
C00671,Bradley Vaughn,mccoyglen@example.org,United States of America,New Hampshire
C00672,Kathryn Benton,leesara@example.org,Reunion,Arkansas
C00673,Allen Wilson,samantha17@example.com,Tokelau,Illinois
C00674,Renee Ford,mccormickrebecca@example.org,Japan,Colorado
C00675,Nicholas Patton,amandawilkinson@example.com,Oman,Tennessee
C00676,Stephen Thomas,meadowslauren@example.com,Italy,New Hampshire
C00677,Laura Adams,huffleslie@example.net,Solomon Islands,Colorado
C00678,Pamela Ward,richard67@example.com,Uruguay,New Hampshire
C00679,Justin Flynn,jamesbennett@example.com,Isle of Man,Maryland
C00680,Veronica Watson,ccruz@example.net,Mauritius,Kansas
C00681,Eric Castillo,chelsey65@example.com,Madagascar,South Dakota
C00682,Scott Wilson,johnsonbruce@example.com,Czech Republic,New Jersey
C00683,Jasmine Williams,xjohnson@example.org,Chad,West Virginia
C00684,Kenneth Henry,kevinmartin@example.org,Uzbekistan,Ohio
C00685,Gloria Carter,angela84@example.net,Uganda,Nebraska
C00686,Megan Stevens,colemanandre@example.com,Malaysia,Kentucky
C00687,Jordan Thompson,lisa90@example.org,French Guiana,Florida
C00688,Tristan Gregory,chadtaylor@example.com,Niger,Tennessee
C00689,Gabriella Franklin,edward28@example.net,Ireland,Indiana
C00690,Cody Wade,rreynolds@example.org,Hong Kong,Tennessee
C00691,Eric Morrison,charlesoneill@example.com,Liberia,Ohio
C00692,Tracy Willis,fryedanielle@example.net,French Polynesia,New Hampshire
C00693,Christina Walters,bsoto@example.org,Namibia,Georgia
C00694,Brandy Neal,bbrown@example.org,Guernsey,Minnesota
C00695,Paul Mcdonald,luke21@example.org,Iraq,Maryland
C00696,Melissa Lucas,emoody@example.com,Antarctica (the territory South of 60 deg S),Idaho
C00697,Cathy Perry,stoutjames@example.org,Myanmar,California
C00698,Daniel Jackson,joshuahall@example.com,Liechtenstein,North Carolina
C00699,Sherry King,marymiranda@example.net,South Africa,Utah
C00700,Kendra Porter,troymoore@example.org,Gibraltar,Wyoming
C00701,Kenneth Patel,jenniferjackson@example.org,Marshall Islands,Iowa
C00702,Kellie Ramirez,kayla75@example.net,Haiti,Alabama
C00703,Brenda Moreno,linda69@example.org,Zimbabwe,Nebraska
C00704,Samantha Robinson,tcunningham@example.com,Saint Kitts and Nevis,Iowa
C00705,Michelle Lee,schroederaaron@example.org,Cocos (Keeling) Islands,Texas
C00706,Penny Rodriguez,joe36@example.com,Dominican Republic,Delaware
C00707,Heather Webb,cynthiasmith@example.org,Brunei Darussalam,Colorado
C00708,Emily Gutierrez,johngibbs@example.net,Maldives,Rhode Island
C00709,Carrie Cross,michaelbailey@example.org,Poland,Delaware
C00710,Gina Estrada,uwebster@example.com,Germany,Illinois
C00711,Travis Miller,williamhull@example.org,Saint Vincent and the Grenadines,New Hampshire
C00712,James Ford,robertfrancis@example.com,Portugal,Montana
C00713,Terri Jones,nicholsmicheal@example.com,Benin,Washington
C00714,Carl Fox,iross@example.net,Tokelau,Maryland
C00715,Richard Gomez,montgomeryhenry@example.org,Korea,Montana
C00716,Kelly Wong,amber60@example.org,United States of America,North Dakota
C00717,Kathy Travis,danielle37@example.net,Bouvet Island (Bouvetoya),Wisconsin
C00718,Harry Montes,tmoore@example.com,Netherlands Antilles,Maryland
C00719,Samantha Smith,tinajoyce@example.com,Swaziland,New Mexico
C00720,Jonathon Washington,hoodtracy@example.org,Venezuela,New Jersey
C00721,George Hudson,davidsonjacqueline@example.com,Northern Mariana Islands,Maryland
C00722,Robert Terry,zachary35@example.com,Azerbaijan,Colorado
C00723,Patty Jones,meganstanley@example.org,Nicaragua,New Jersey
C00724,John Smith,prestonlisa@example.net,Bulgaria,New York
C00725,Kimberly James,georgepadilla@example.com,San Marino,California
C00726,Vanessa Ortiz,ebaxter@example.net,Central African Republic,Pennsylvania
C00727,Chase Garcia,jacob98@example.net,Russian Federation,Idaho
C00728,Amber Schmidt,wtaylor@example.com,Tunisia,Colorado
C00729,Michelle Gomez,fordrobin@example.org,Tokelau,Wyoming
C00730,Justin Bright,smithkenneth@example.net,Hungary,Rhode Island
C00731,Richard Ayala,daniellebowen@example.com,Turkmenistan,Hawaii
C00732,Pamela Roth,andersonchristopher@example.com,Bermuda,South Dakota
C00733,Elizabeth Brown,flynnjason@example.net,Guadeloupe,Georgia
C00734,Mary Lynn,toddsara@example.net,San Marino,Georgia
C00735,Gabriela Randolph,brooke72@example.com,Vietnam,Pennsylvania
C00736,Melissa Stevens,mckayjennifer@example.org,Antarctica (the territory South of 60 deg S),Vermont
C00737,Ashley Barajas,daviddoyle@example.com,Armenia,South Carolina
C00738,Amanda Fletcher,phamlawrence@example.net,Cape Verde,Delaware
C00739,Ian Smith,kingjames@example.com,Mongolia,Hawaii
C00740,Dakota King,lindsey79@example.net,Pakistan,Utah
C00741,Lisa Reyes,allisonadams@example.com,Tanzania,Arizona
C00742,Alex Underwood,nbooth@example.com,Yemen,Virginia
C00743,Amy Li,renee94@example.com,Congo,Kentucky
C00744,Haley Becker,courtney27@example.com,Faroe Islands,New Jersey
C00745,James Oliver,bankssarah@example.com,Tunisia,Minnesota
C00746,Elizabeth Peterson,dennisnorris@example.net,Jamaica,Rhode Island
C00747,Fernando Johnson,richard73@example.net,Bolivia,New York
C00748,Andrea Smith,sadams@example.net,Canada,Maryland
C00749,Daryl Pacheco,katiedavis@example.net,Cambodia,Mississippi
C00750,Christopher Hunt,dawnacevedo@example.net,Slovenia,Pennsylvania
C00751,Robert Kelly,dianetaylor@example.net,Pakistan,Kansas
C00752,Linda Davis,pbullock@example.org,Cambodia,North Dakota
C00753,Christopher Johnson,denise60@example.org,Qatar,Kansas
C00754,Jonathan Moore,jenniferbaker@example.com,Jersey,New Mexico
C00755,Lisa Kelley,tstanley@example.org,Cook Islands,South Carolina
C00756,Hector Ruiz,austintina@example.net,Aruba,Minnesota
C00757,Linda Stein,hickspaul@example.com,Gabon,South Dakota
C00758,Brian Smith,jonathanvalentine@example.com,Uzbekistan,Arkansas
C00759,Daniel Brown,patricia29@example.net,Libyan Arab Jamahiriya,Tennessee
C00760,Elizabeth Kerr,mhowe@example.com,Nicaragua,New Mexico
C00761,Shawn Perez,halenicole@example.org,France,Maryland
C00762,Jonathan Campbell,jenningsdenise@example.org,Cape Verde,Alaska
C00763,Laurie Martin,moyerkathryn@example.org,United States Minor Outlying Islands,Louisiana
C00764,Brandy Irwin,hlewis@example.com,Thailand,Hawaii
C00765,Carol Marshall,mason82@example.org,Pitcairn Islands,Minnesota
C00766,Maria Boyd,dblake@example.net,Saint Vincent and the Grenadines,Arizona
C00767,Christina Nelson,sawyerfelicia@example.net,Palestinian Territory,West Virginia
C00768,Carlos Patel,pmiller@example.org,Finland,Nevada
C00769,Paul Morrison,jnovak@example.org,Equatorial Guinea,Mississippi
C00770,Ashley Kim,dawsonjustin@example.org,Swaziland,Virginia
C00771,Vanessa White,taylordonald@example.com,Latvia,Hawaii
C00772,Raymond King,iwilson@example.com,Kiribati,Indiana
C00773,Brian Jones,eric35@example.net,Mayotte,Michigan
C00774,Michael Young,mmason@example.net,Uzbekistan,New Hampshire
C00775,Travis Phelps,autumn02@example.org,Colombia,Kentucky
C00776,Teresa Barry,proth@example.org,Namibia,Virginia
C00777,Matthew Rocha,fblack@example.com,Tunisia,Maine
C00778,Michael Rodriguez,shepherdtyler@example.com,Romania,North Dakota
C00779,Russell Tanner,wpatel@example.net,Portugal,South Dakota
C00780,Mrs. Emily Bowman,ysullivan@example.org,Togo,Maine
C00781,Marc Thomas,mark91@example.org,Lao People's Democratic Republic,South Dakota
C00782,David Ward,amysmith@example.com,Azerbaijan,Illinois
C00783,Barbara Hudson,mmartinez@example.com,Cambodia,North Dakota
C00784,Travis Gibson,montgomeryelizabeth@example.org,Bolivia,Missouri
C00785,Anthony Stephens,ngreen@example.org,Honduras,Michigan
C00786,Ashley Young,michael31@example.com,Albania,Connecticut
C00787,Janet Wood,iwilkerson@example.org,Andorra,Idaho
C00788,Morgan Johnson,ghernandez@example.org,Montenegro,Maine
C00789,Mason Vega,guerrerotim@example.org,Sao Tome and Principe,Maine
C00790,Jose West,swilliams@example.net,Maldives,Michigan
C00791,Joy Conley,cummingsmichael@example.org,North Macedonia,Wyoming
C00792,Veronica Carlson,grahamkimberly@example.org,North Macedonia,Michigan
C00793,Cynthia Harrington,hollywells@example.net,Norway,Colorado
C00794,Oscar Carpenter,dgonzalez@example.com,Hong Kong,Nevada
C00795,Timothy Anthony,angela06@example.net,Tuvalu,Nebraska
C00796,Lawrence Parks,daniel88@example.com,Faroe Islands,Alaska
C00797,John Richardson,francochristopher@example.org,Sao Tome and Principe,Mississippi
C00798,Jeffrey Lopez,smithjeremiah@example.org,Isle of Man,Connecticut
C00799,Samuel Brady,brucehickman@example.com,Antarctica (the territory South of 60 deg S),Alaska
C00800,Jimmy Contreras,lindacarr@example.net,Benin,Connecticut
C00801,Christopher Poole,angelareed@example.com,Kenya,Maine
C00802,Angela Webster,tammymurphy@example.org,Oman,Hawaii
C00803,Robyn Marshall,csmith@example.net,Angola,Maryland
C00804,Lisa Kelly,alexandermary@example.com,Bolivia,Oklahoma
C00805,Leslie Morales,lawrence52@example.org,Reunion,New York
C00806,Colton Lara,robert75@example.org,Czech Republic,Iowa
C00807,Adam Barnes,robertpeterson@example.org,Honduras,Pennsylvania
C00808,Kerry Velasquez,miguel58@example.net,Timor-Leste,Arizona
C00809,Sara Hall,ylove@example.com,French Polynesia,Washington
C00810,Jessica Mcgee,johnsonallison@example.net,Libyan Arab Jamahiriya,Wyoming
C00811,Brenda Stewart,tacosta@example.net,Palestinian Territory,Georgia
C00812,Keith Ortiz PhD,pporter@example.com,Namibia,Kansas
C00813,Ashley Williams,aho@example.com,Liechtenstein,Florida
C00814,Robert Knox,karen07@example.net,Guernsey,North Dakota
C00815,Samantha Guerra,ingramvanessa@example.com,United States Minor Outlying Islands,Oklahoma
C00816,Shawn Thompson,bennettjesse@example.org,Sweden,West Virginia
C00817,Amanda Thompson,david66@example.org,Pakistan,Arizona
C00818,Mallory Craig,reevesjacob@example.net,Japan,Tennessee
C00819,Crystal Carlson,kristinarojas@example.org,Saint Martin,Maryland
C00820,Wesley Martinez II,daviskenneth@example.org,Palau,Maine
C00821,Alexander Hughes,angelica08@example.com,Argentina,Kentucky
C00822,Jesus Gonzalez,carterjohn@example.org,Burundi,Oregon
C00823,Eduardo Phillips,jessicahowell@example.org,Eritrea,Michigan
C00824,Richard Sanders,susanburns@example.org,San Marino,Iowa
C00825,Kelly Frederick,cassandra15@example.net,Nauru,South Carolina
C00826,Tammy Gonzalez,umontgomery@example.net,Trinidad and Tobago,Virginia
C00827,Erica Chavez,morrisjoshua@example.org,Singapore,West Virginia
C00828,Lynn Anderson,krogers@example.org,Venezuela,Mississippi
C00829,Mark Wiley,wsmith@example.net,Kiribati,North Dakota
C00830,Elijah Johnson,julie27@example.com,Jamaica,Rhode Island
C00831,Kaitlyn Valencia,imiller@example.com,Georgia,Alabama
C00832,Anna Thomas,williamschristopher@example.com,Syrian Arab Republic,Idaho
C00833,Melissa Anderson,garciasandra@example.org,Ethiopia,Nebraska
C00834,Misty Barker,xsolis@example.org,United States Minor Outlying Islands,New Hampshire
C00835,David Solis,trevor86@example.com,Estonia,Oregon
C00836,Jennifer Pope,murphychristina@example.net,Equatorial Guinea,Iowa
C00837,Daniel Casey,brownsean@example.net,Ireland,Nebraska
C00838,Richard King,aguilarkenneth@example.com,Paraguay,Iowa
C00839,Michael Stephens,joshua35@example.org,Saint Lucia,Mississippi
C00840,Emily Bradley,powelljon@example.net,Egypt,New Jersey
C00841,Robert Patterson,charlesparker@example.org,Solomon Islands,Vermont
C00842,Philip Mueller,victorhamilton@example.org,Burkina Faso,Idaho
C00843,Laura Young,lsmith@example.net,Uzbekistan,New Mexico
C00844,Kevin Nolan,jennifer99@example.org,Guam,Iowa
C00845,Heather Wheeler,jack10@example.org,Bahamas,California
C00846,Jerry Solis,jasonmartin@example.com,Oman,Oklahoma
C00847,Erica Gardner,fmann@example.net,Comoros,Missouri
C00848,Kelly Ashley,nancymcintyre@example.net,Cuba,Kentucky
C00849,Nicholas Sanders,stevenpowell@example.com,Syrian Arab Republic,Texas
C00850,Jacob West,ruizglenn@example.com,Cyprus,Indiana
C00851,Arthur Nunez,moorewesley@example.org,Iran,Texas
C00852,Amanda Clements,vbeltran@example.com,Guadeloupe,West Virginia
C00853,Gregory Oconnor,brandonrichard@example.org,Saint Barthelemy,Oklahoma
C00854,Brian Peterson,olong@example.com,Saint Pierre and Miquelon,California
C00855,Howard Black,dgarcia@example.org,Mauritania,Utah
C00856,Martha Martin,pcruz@example.net,Samoa,Iowa
C00857,Teresa Ward,pwoods@example.net,Germany,South Carolina
C00858,Cynthia Harris,xjohnson@example.com,Rwanda,South Dakota
C00859,William West,aaronscott@example.org,Bolivia,North Carolina
C00860,Matthew Larsen,crawfordfrank@example.net,Congo,Arizona
C00861,Jared Scott,bakerdakota@example.net,Congo,Delaware
C00862,Jessica Turner,natashathomas@example.com,Aruba,New Hampshire
C00863,Lindsey Rhodes,sarah55@example.org,Ukraine,Rhode Island
C00864,Michele Jackson,alexanderadams@example.net,British Virgin Islands,New Jersey
C00865,Jeffery Thompson,sandra16@example.net,Serbia,Mississippi
C00866,Sally Pace,wsmith@example.net,Iran,Montana
C00867,Ryan Manning,yjoseph@example.org,Saint Helena,Colorado
C00868,Tracy Johnson,samuelhudson@example.org,Uzbekistan,Vermont
C00869,Anthony Rangel,karen78@example.net,Lithuania,Pennsylvania
C00870,Bob Green,yguzman@example.org,Azerbaijan,Connecticut
C00871,Andrew Alexander,elliottjean@example.com,Armenia,Kentucky
C00872,Christina Mitchell,russell83@example.net,Equatorial Guinea,Michigan
C00873,Charles Cervantes,tarajohnson@example.net,Sierra Leone,Kansas
C00874,Tina Joyce,thomasshannon@example.com,Namibia,Iowa
C00875,Christina Cooley,umurray@example.net,Mexico,Rhode Island
C00876,Christine Newman,brianhill@example.org,Nigeria,Oregon
C00877,Timothy Lewis,xspencer@example.org,Tajikistan,South Dakota
C00878,Kristin Moreno,ramseyanna@example.org,Gabon,North Dakota
C00879,Jacob Kelly,deanconway@example.com,Kuwait,Hawaii
C00880,Carol Morgan,sandrawarner@example.org,China,Louisiana
C00881,Monique Smith,wagnerrachel@example.com,Holy See (Vatican City State),Nevada
C00882,Deborah Gibson,sonya98@example.com,Senegal,West Virginia
C00883,Cynthia Brown,christian68@example.net,Marshall Islands,Connecticut
C00884,Alexis Irwin,amiller@example.net,Indonesia,Arkansas
C00885,Daniel Rivas,cameronhubbard@example.org,British Indian Ocean Territory (Chagos Archipelago),West Virginia
C00886,Rebecca Garcia,mark52@example.com,Myanmar,Texas
C00887,David Holt,jamesmckinney@example.com,Tunisia,Iowa
C00888,Sean Hughes,iblankenship@example.com,Slovenia,Arizona
C00889,Wyatt Poole,billjackson@example.org,Somalia,Missouri
C00890,Amy Allen,iross@example.org,Iran,Nevada
C00891,Margaret Strickland,owilliams@example.net,Guam,Ohio
C00892,Christopher Dorsey,dianamatthews@example.net,Western Sahara,Oregon
C00893,Joel Odonnell,gsolis@example.com,Congo,South Carolina
C00894,Abigail Scott,dgomez@example.com,China,Alaska
C00895,Deanna Raymond,dominiqueramsey@example.com,China,North Dakota
C00896,Meghan Moore,ibaker@example.com,Angola,Minnesota
C00897,Kim Wagner,castrorebecca@example.com,Colombia,Nevada
C00898,April Escobar,sanchezmichael@example.org,Chad,Vermont
C00899,Anne West,ashley07@example.org,Russian Federation,Kansas
C00900,Bill Sutton,roberthughes@example.net,Holy See (Vatican City State),Connecticut
C00901,Robin Love,luisgonzalez@example.org,Switzerland,Missouri
C00902,Mr. Antonio Smith,uchavez@example.net,Mayotte,New Jersey
C00903,Kylie Crane,ujohnston@example.net,Indonesia,Alabama
C00904,Drew Wood,xharvey@example.org,Malaysia,Idaho
C00905,Jeffrey Weaver,cory44@example.org,Solomon Islands,Idaho
C00906,Tracy Leblanc,fgarza@example.org,Palau,New Mexico
C00907,Daniel Harris,taylorjuan@example.com,Guam,Texas
C00908,Anthony Patterson,erivera@example.org,Vietnam,Georgia
C00909,Harold Owen,zsandoval@example.com,Russian Federation,West Virginia
C00910,Sarah Morales,franklinmark@example.net,Cape Verde,North Dakota
C00911,Anita Barker,nnicholson@example.com,Azerbaijan,North Dakota
C00912,Heather Brooks,melissarosales@example.org,Lesotho,Maryland
C00913,Lori Mccormick,brandonbishop@example.net,Kuwait,Oklahoma
C00914,Ruth Vincent,zhayes@example.net,Guinea-Bissau,California
C00915,Joanna Walker,kayla09@example.org,Estonia,Nebraska
C00916,Destiny Sanders,wrightnicole@example.net,Indonesia,Wisconsin
C00917,Brittney Boyd,salazarmichael@example.org,Moldova,Illinois
C00918,Lisa Berg,clynch@example.com,Turks and Caicos Islands,Kansas
C00919,Emily Stephens,brookstrevor@example.com,Wallis and Futuna,New Mexico
C00920,Misty Morrison,nancy62@example.com,Hong Kong,Idaho
C00921,Martha Perry,eturner@example.org,Iraq,West Virginia
C00922,James Whitehead,evan99@example.net,Malta,Nevada
C00923,Elizabeth Thompson,opierce@example.net,Lebanon,Missouri
C00924,Kelly Thompson,fletcherjoseph@example.org,Latvia,Texas
C00925,Richard Harris,alanphillips@example.com,Rwanda,Oregon
C00926,Erik Diaz,brendan27@example.com,Pitcairn Islands,Maryland
C00927,Adrian Mora,cindygill@example.org,United States Virgin Islands,Hawaii
C00928,Steve Cooper,craigallen@example.com,Egypt,Nebraska
C00929,Mary Wallace DVM,sarahcarlson@example.net,Congo,South Dakota
C00930,Jamie Miller,heidimiddleton@example.com,Qatar,Alaska
C00931,Angela Cunningham,selena33@example.com,Guinea,California
C00932,Gina Lopez,smithlaura@example.com,Zimbabwe,Georgia
C00933,Christina Hill,joneselizabeth@example.com,Montenegro,Virginia
C00934,Miranda Johnson,hawkinsmichael@example.com,Bosnia and Herzegovina,Hawaii
C00935,Steve White,scottluna@example.org,Ecuador,Hawaii
C00936,Bryan Hays,allisonchristopher@example.net,North Macedonia,Arkansas
C00937,Michael Allison,megan78@example.net,Palestinian Territory,New Jersey
C00938,Sarah Riddle,psmith@example.net,Bulgaria,Vermont
C00939,Sarah Byrd,vadams@example.net,Norfolk Island,New Hampshire
C00940,Susan Porter,lindaknight@example.org,Nepal,West Virginia
C00941,Carrie Rogers,danielle44@example.com,Uzbekistan,Pennsylvania
C00942,Wendy Nichols,brett64@example.org,Barbados,New Mexico
C00943,Michael Morales,timothygraves@example.net,French Southern Territories,Connecticut
C00944,Jacob Kaufman,emilyfitzgerald@example.net,Greenland,Oregon
C00945,Brian Park,joseph23@example.net,Palestinian Territory,New Mexico
C00946,Emily Patel,adam89@example.org,Hong Kong,Ohio
C00947,Angela Hall,henrydavid@example.org,Japan,Kentucky
C00948,David Tyler,mhorn@example.net,Nauru,South Dakota
C00949,Rebecca Moore MD,lvasquez@example.net,Guadeloupe,Florida
C00950,Mary Potter,pscott@example.net,Kiribati,Arizona
C00951,Thomas Willis,lopezrichard@example.net,South Georgia and the South Sandwich Islands,Oklahoma
C00952,Jodi Phillips,qalvarez@example.net,Hungary,Nebraska
C00953,Jason Kelly,joshuamartinez@example.com,Pitcairn Islands,Colorado
C00954,Mitchell Houston,leegary@example.net,Kazakhstan,California
C00955,Travis Daugherty DDS,collinsshane@example.net,Djibouti,Idaho
C00956,Caleb Hansen,bradley01@example.org,Micronesia,Washington
C00957,Chelsea Bryant,ryan02@example.net,Saint Lucia,Washington
C00958,Pam Sullivan,sbenton@example.com,Djibouti,Utah
C00959,Stephanie Smith,maria27@example.net,Qatar,South Carolina
C00960,Anne Santiago,nramos@example.net,French Southern Territories,Illinois
C00961,Brandy Carter,jennifer44@example.org,Korea,Idaho
C00962,William Baldwin,webbbenjamin@example.org,Gibraltar,Alabama
C00963,Marcia Parker,sarah54@example.com,Austria,West Virginia
C00964,Matthew Miller,jennifer72@example.com,Belarus,Nevada
C00965,Patrick Dean,christopherlopez@example.org,Syrian Arab Republic,North Carolina
C00966,Laura Hays,bakercynthia@example.net,Guyana,New York
C00967,Theresa Andrews,olong@example.com,Puerto Rico,Delaware
C00968,Gerald Mills,kim88@example.net,Singapore,New Hampshire
C00969,Michael Jimenez,ranthony@example.org,Singapore,Mississippi
C00970,Kimberly Carter,anitagonzalez@example.org,Qatar,Alaska
C00971,Taylor Molina,umckinney@example.org,Saint Pierre and Miquelon,Minnesota
C00972,Thomas Mathis,frankhardy@example.com,Cook Islands,Kansas
C00973,Kevin Vazquez,jmiller@example.net,Heard Island and McDonald Islands,Texas
C00974,Virginia Jacobs,alewis@example.com,Sudan,Maryland
C00975,Michael Cruz,robertstewart@example.com,Libyan Arab Jamahiriya,Kansas
C00976,Pedro Mullins MD,simskristin@example.com,Pitcairn Islands,Tennessee
C00977,Joseph Alvarado,marshallchristy@example.com,Namibia,Missouri
C00978,Stephanie Smith,vancemarie@example.org,Sao Tome and Principe,Idaho
C00979,Deborah Boyer,sullivansheryl@example.net,China,Maine
C00980,Kimberly Jackson,aaronramirez@example.net,Saint Lucia,Oregon
C00981,Patty White,frederick91@example.net,Yemen,Iowa
C00982,Lisa Bell,qpowell@example.net,Solomon Islands,Virginia
C00983,Shannon Snyder,blevinsjeremy@example.net,Holy See (Vatican City State),Vermont
C00984,Valerie Anderson,amycross@example.org,Mongolia,Delaware
C00985,David Johnson,amy05@example.net,Marshall Islands,Vermont
C00986,James Villegas,rsims@example.org,Argentina,Missouri
C00987,Sydney Mccarty,staceymoore@example.net,Iraq,Delaware
C00988,Joshua Johnston,pbaxter@example.com,United Kingdom,Oklahoma
C00989,James Small,lewisdavid@example.net,Azerbaijan,Kentucky
C00990,Jason Hartman,elizabethparker@example.org,Congo,New Jersey
C00991,Elizabeth Lopez MD,jasonmartin@example.com,Argentina,Maine
C00992,James Cole,allison18@example.com,Timor-Leste,Kentucky
C00993,Amy Stewart,jonesjames@example.com,Sao Tome and Principe,Maryland
C00994,Valerie Bond,gponce@example.com,Liberia,New York
C00995,Laura Hubbard,kellynicholas@example.net,Saint Martin,Virginia
C00996,Jack Wallace,camachojacqueline@example.com,Cape Verde,Ohio
C00997,Cynthia Williams,diane61@example.net,Congo,Ohio
C00998,Stacy Herrera,sanchezkimberly@example.org,Wallis and Futuna,Mississippi
C00999,Todd Kelley,powelltodd@example.org,Uganda,New York
